{
    "CM": {
        "avg_adv_hps_score": 22.8453125,
        "avg_orig_hps_score": 27.7,
        "orig_hps_scores": [
            30.484375,
            25.84375,
            25.453125,
            28.375,
            30.671875,
            28.046875,
            26.578125,
            24.8125,
            28.984375,
            27.75
        ],
        "pgd_hps_scores": [
            27.1875,
            23.5,
            18.6875,
            23.984375,
            22.9375,
            23.109375,
            21.984375,
            19.96875,
            24.28125,
            22.8125
        ]
    },
    "Cog2": {
        "avg_adv_hps_score": 19.55859375,
        "avg_orig_hps_score": 26.4109375,
        "orig_hps_scores": [
            26.328125,
            24.9375,
            27.453125,
            27.15625,
            28.578125,
            25.515625,
            26.25,
            24.078125,
            26.65625,
            27.15625
        ],
        "pgd_hps_scores": [
            22.625,
            20.734375,
            21.09375,
            22.1875,
            15.1640625,
            18.875,
            16.15625,
            21.8125,
            17.890625,
            19.046875
        ]
    },
    "DALLE": {
        "avg_adv_hps_score": 21.5265625,
        "avg_orig_hps_score": 26.6640625,
        "orig_hps_scores": [
            28.328125,
            23.65625,
            25.171875,
            27.84375,
            30.03125,
            26.59375,
            25.28125,
            25.484375,
            27.421875,
            26.828125
        ],
        "pgd_hps_scores": [
            24.375,
            20.421875,
            18.734375,
            23.5625,
            19.59375,
            21.734375,
            21.65625,
            21.140625,
            21.671875,
            22.375
        ]
    },
    "DALLE-mini": {
        "avg_adv_hps_score": 18.7859375,
        "avg_orig_hps_score": 25.5171875,
        "orig_hps_scores": [
            28.859375,
            24.171875,
            25.765625,
            25.53125,
            27.453125,
            24.234375,
            26.0,
            24.84375,
            23.09375,
            25.21875
        ],
        "pgd_hps_scores": [
            24.890625,
            20.921875,
            21.46875,
            15.8671875,
            16.25,
            18.171875,
            16.171875,
            21.125,
            13.3203125,
            19.671875
        ]
    },
    "DF-IF": {
        "avg_adv_hps_score": 20.53203125,
        "avg_orig_hps_score": 27.1125,
        "orig_hps_scores": [
            30.6875,
            27.359375,
            26.75,
            28.546875,
            30.015625,
            25.859375,
            26.984375,
            24.328125,
            25.515625,
            25.078125
        ],
        "pgd_hps_scores": [
            25.515625,
            24.796875,
            23.609375,
            23.8125,
            17.75,
            18.78125,
            22.171875,
            16.734375,
            16.78125,
            15.3671875
        ]
    },
    "DL": {
        "avg_adv_hps_score": 23.115625,
        "avg_orig_hps_score": 28.703125,
        "orig_hps_scores": [
            29.875,
            28.78125,
            27.75,
            30.328125,
            30.328125,
            29.484375,
            27.609375,
            25.46875,
            28.6875,
            28.71875
        ],
        "pgd_hps_scores": [
            26.25,
            24.796875,
            25.078125,
            25.65625,
            17.359375,
            24.625,
            18.71875,
            20.25,
            23.625,
            24.796875
        ]
    },
    "Deliberate": {
        "avg_adv_hps_score": 21.41953125,
        "avg_orig_hps_score": 28.0,
        "orig_hps_scores": [
            29.53125,
            27.3125,
            27.109375,
            28.390625,
            29.65625,
            27.453125,
            27.34375,
            26.28125,
            28.03125,
            28.890625
        ],
        "pgd_hps_scores": [
            26.984375,
            24.390625,
            22.3125,
            23.25,
            12.5703125,
            18.984375,
            18.75,
            19.171875,
            22.625,
            25.15625
        ]
    },
    "ED": {
        "avg_adv_hps_score": 22.8015625,
        "avg_orig_hps_score": 27.228125,
        "orig_hps_scores": [
            26.65625,
            27.1875,
            27.171875,
            28.1875,
            29.53125,
            27.921875,
            26.046875,
            23.8125,
            26.734375,
            29.03125
        ],
        "pgd_hps_scores": [
            23.5625,
            24.546875,
            24.265625,
            24.1875,
            20.4375,
            23.6875,
            21.40625,
            19.828125,
            20.859375,
            25.234375
        ]
    },
    "FD": {
        "avg_adv_hps_score": 15.9453125,
        "avg_orig_hps_score": 24.8359375,
        "orig_hps_scores": [
            23.3125,
            23.890625,
            25.90625,
            23.984375,
            26.0,
            25.28125,
            25.671875,
            22.65625,
            24.78125,
            26.875
        ],
        "pgd_hps_scores": [
            19.390625,
            14.6015625,
            20.53125,
            15.015625,
            11.6796875,
            18.046875,
            16.84375,
            10.6875,
            13.46875,
            19.1875
        ]
    },
    "LDM": {
        "avg_adv_hps_score": 20.078125,
        "avg_orig_hps_score": 25.475,
        "orig_hps_scores": [
            27.875,
            25.515625,
            25.125,
            26.609375,
            26.8125,
            24.78125,
            26.015625,
            23.25,
            24.875,
            23.890625
        ],
        "pgd_hps_scores": [
            23.71875,
            20.15625,
            21.4375,
            21.328125,
            21.03125,
            16.90625,
            21.734375,
            18.703125,
            17.484375,
            18.28125
        ]
    },
    "Laf": {
        "avg_adv_hps_score": 14.7296875,
        "avg_orig_hps_score": 24.4625,
        "orig_hps_scores": [
            23.125,
            22.984375,
            24.703125,
            25.078125,
            25.6875,
            25.375,
            24.15625,
            23.59375,
            25.171875,
            24.75
        ],
        "pgd_hps_scores": [
            12.1015625,
            11.7421875,
            18.140625,
            15.8515625,
            16.09375,
            16.0,
            13.21875,
            13.0234375,
            15.5703125,
            15.5546875
        ]
    },
    "MM": {
        "avg_adv_hps_score": 20.72421875,
        "avg_orig_hps_score": 27.1484375,
        "orig_hps_scores": [
            27.984375,
            26.046875,
            26.90625,
            28.890625,
            29.328125,
            26.53125,
            25.578125,
            24.59375,
            27.609375,
            28.015625
        ],
        "pgd_hps_scores": [
            22.515625,
            23.109375,
            16.421875,
            24.90625,
            14.8359375,
            20.1875,
            18.734375,
            19.21875,
            23.0,
            24.3125
        ]
    },
    "OJ": {
        "avg_adv_hps_score": 22.42265625,
        "avg_orig_hps_score": 27.809375,
        "orig_hps_scores": [
            30.984375,
            27.140625,
            27.796875,
            28.734375,
            29.71875,
            27.03125,
            27.375,
            25.875,
            25.0625,
            28.375
        ],