{
    "CM": {
        "avg_orig_hps_score": 27.6984375,
        "orig_hps_scores": [
            30.484375,
            25.84375,
            25.453125,
            28.375,
            30.65625,
            28.046875,
            26.5625,
            24.8125,
            28.984375,
            27.765625
        ],
        "avg_adv_hps_score": 26.715625,
        "pgd_hps_scores": [
            30.015625,
            25.296875,
            24.609375,
            27.40625,
            28.921875,
            26.671875,
            25.421875,
            24.09375,
            27.984375,
            26.734375
        ]
    }
}